name,dex_num,fling_power,ignored_by_klutz,category,description
Ability Shield,1881,30,1,[],"Holder's Ability cannot be changed, suppressed, or ignored by any effect."
Abomasite,674,0,0,[],"If held by an Abomasnow, this item allows it to Mega Evolve in battle."
Absolite,677,0,0,[],"If held by an Absol, this item allows it to Mega Evolve in battle."
Absorb Bulb,545,30,0,[],Raises holder's Sp. Atk by 1 stage if hit by a Water-type attack. Single use.
Adamant Crystal,1777,0,0,[],"If held by a Dialga, its Steel- and Dragon-type attacks have 1.2x power."
Adamant Orb,135,60,0,[],"If held by a Dialga, its Steel- and Dragon-type attacks have 1.2x power."
Adrenaline Orb,846,30,0,[],Raises holder's Speed by 1 stage if it gets affected by Intimidate. Single use.
Aerodactylite,672,0,0,[],"If held by an Aerodactyl, this item allows it to Mega Evolve in battle."
Aggronite,667,0,0,[],"If held by an Aggron, this item allows it to Mega Evolve in battle."
Aguav Berry,162,0,0,"[""isBerry""]",Restores 1/3 max HP at 1/4 max HP or less; confuses if -SpD Nature. Single use.
Air Balloon,541,10,0,[],Holder is immune to Ground-type attacks. Pops when holder is hit.
Alakazite,679,0,0,[],"If held by an Alakazam, this item allows it to Mega Evolve in battle."
Aloraichium Z,803,0,0,"[""zMove""]","If held by an Alolan Raichu with Thunderbolt, it can use Stoked Sparksurfer."
Altarianite,755,0,0,[],"If held by an Altaria, this item allows it to Mega Evolve in battle."
Ampharosite,658,0,0,[],"If held by an Ampharos, this item allows it to Mega Evolve in battle."
Apicot Berry,205,0,0,"[""isBerry""]",Raises holder's Sp. Def by 1 stage when at 1/4 max HP or less. Single use.
Armor Fossil,104,100,0,[],Can be revived into Shieldon.
Aspear Berry,153,0,0,"[""isBerry""]",Holder is cured if it is frozen. Single use.
Assault Vest,640,80,0,[],"Holder's Sp. Def is 1.5x, but it can only select damaging moves."
Audinite,757,0,0,[],"If held by an Audino, this item allows it to Mega Evolve in battle."
Auspicious Armor,2344,30,0,[],Evolves Charcadet into Armarouge when used.
Babiri Berry,199,0,0,"[""isBerry""]",Halves damage taken from a supereffective Steel-type attack. Single use.
Banettite,668,0,0,[],"If held by a Banette, this item allows it to Mega Evolve in battle."
Beast Ball,851,0,0,[],A special Poke Ball designed to catch Ultra Beasts.
Beedrillite,770,0,0,[],"If held by a Beedrill, this item allows it to Mega Evolve in battle."
Belue Berry,183,0,0,"[""isBerry""]",Cannot be eaten by the holder. No effect when eaten with Bug Bite or Pluck.
Berry Juice,43,30,0,[],Restores 20 HP when at 1/2 max HP or less. Single use.
Berry Sweet,1111,10,0,[],Evolves Milcery into Alcremie when held and spun around.
Big Nugget,581,130,0,[],A big nugget of pure gold that gives off a lustrous gleam.
Big Root,296,10,0,[],Holder gains 1.3x HP from draining/Aqua Ring/Ingrain/Leech Seed/Strength Sap.
Binding Band,544,30,0,[],Holder's partial-trapping moves deal 1/6 max HP per turn instead of 1/8.
Black Belt,241,30,0,[],Holder's Fighting-type attacks have 1.2x power.
Black Glasses,240,30,0,[],Holder's Dark-type attacks have 1.2x power.
Black Sludge,281,30,0,[],"Each turn, if holder is a Poison type, restores 1/16 max HP; loses 1/8 if not."
Blastoisinite,661,0,0,[],"If held by a Blastoise, this item allows it to Mega Evolve in battle."
Blazikenite,664,0,0,[],"If held by a Blaziken, this item allows it to Mega Evolve in battle."
Blue Orb,535,0,0,[],"If held by a Kyogre, this item triggers its Primal Reversion in battle."
Bluk Berry,165,0,0,"[""isBerry""]",Cannot be eaten by the holder. No effect when eaten with Bug Bite or Pluck.
Blunder Policy,1121,80,0,[],"If the holder misses due to accuracy, its Speed is raised by 2 stages. Single use."
Booster Energy,1880,30,0,[],Activates the Protosynthesis or Quark Drive Abilities. Single use.
Bottle Cap,795,30,0,[],Used for Hyper Training. One of a Pokemon's stats is calculated with an IV of 31.
Bright Powder,213,10,0,[],The accuracy of attacks against the holder is 0.9x.
Bug Gem,558,0,0,"[""isGem""]",Holder's first successful Bug-type attack will have 1.3x power. Single use.
Bug Memory,909,0,0,[],Holder's Multi-Attack is Bug type.
Buginium Z,787,0,0,"[""zMove""]","If holder has a Bug move, this item allows it to use a Bug Z-Move."
Burn Drive,118,0,0,[],Holder's Techno Blast is Fire type.
Cameruptite,767,0,0,[],"If held by a Camerupt, this item allows it to Mega Evolve in battle."
Cell Battery,546,30,0,[],Raises holder's Attack by 1 if hit by an Electric-type attack. Single use.
Charcoal,249,30,0,[],Holder's Fire-type attacks have 1.2x power.
Charizardite X,660,0,0,[],"If held by a Charizard, this item allows it to Mega Evolve in battle."
Charizardite Y,678,0,0,[],"If held by a Charizard, this item allows it to Mega Evolve in battle."
Charti Berry,195,0,0,"[""isBerry""]",Halves damage taken from a supereffective Rock-type attack. Single use.
Cheri Berry,149,0,0,"[""isBerry""]",Holder cures itself if it is paralyzed. Single use.
Cherish Ball,16,0,0,[],A rare Poke Ball that has been crafted to commemorate an occasion.
Chesto Berry,150,0,0,"[""isBerry""]",Holder wakes up if it is asleep. Single use.
Chilan Berry,200,0,0,"[""isBerry""]",Halves damage taken from a Normal-type attack. Single use.
Chill Drive,119,0,0,[],Holder's Techno Blast is Ice type.
Chipped Pot,1254,80,0,[],Evolves Sinistea-Antique into Polteageist-Antique when used.
Choice Band,220,10,0,"[""isChoice""]","Holder's Attack is 1.5x, but it can only select the first move it executes."
Choice Scarf,287,10,0,"[""isChoice""]","Holder's Speed is 1.5x, but it can only select the first move it executes."
Choice Specs,297,10,0,"[""isChoice""]","Holder's Sp. Atk is 1.5x, but it can only select the first move it executes."
Chople Berry,189,0,0,"[""isBerry""]",Halves damage taken from a supereffective Fighting-type attack. Single use.
Claw Fossil,100,100,0,[],Can be revived into Anorith.
Clear Amulet,1882,30,0,[],Prevents other Pokemon from lowering the holder's stat stages.
Clover Sweet,1112,10,0,[],Evolves Milcery into Alcremie when held and spun around.
Coba Berry,192,0,0,"[""isBerry""]",Halves damage taken from a supereffective Flying-type attack. Single use.
Colbur Berry,198,0,0,"[""isBerry""]",Halves damage taken from a supereffective Dark-type attack. Single use.
Cornerstone Mask,2406,60,0,[],Ogerpon-Cornerstone: 1.2x power attacks; Terastallize to gain Embody Aspect.
Cornn Berry,175,0,0,"[""isBerry""]",Cannot be eaten by the holder. No effect when eaten with Bug Bite or Pluck.
Cover Fossil,572,100,0,[],Can be revived into Tirtouga.
Covert Cloak,1885,30,0,[],Holder is not affected by the secondary effect of another Pokemon's attack.
Cracked Pot,1253,80,0,[],Evolves Sinistea into Polteageist when used.
Custap Berry,210,0,0,"[""isBerry""]",Holder moves first in its priority bracket when at 1/4 max HP or less. Single use.
Damp Rock,285,60,0,[],Holder's use of Rain Dance lasts 8 turns instead of 5.
Dark Gem,562,0,0,"[""isGem""]",Holder's first successful Dark-type attack will have 1.3x power. Single use.
Dark Memory,919,0,0,[],Holder's Multi-Attack is Dark type.
Darkinium Z,791,0,0,"[""zMove""]","If holder has a Dark move, this item allows it to use a Dark Z-Move."
Dawn Stone,109,80,0,[],Evolves certain species of Pokemon when used.
Decidium Z,798,0,0,"[""zMove""]","If held by a Decidueye with Spirit Shackle, it can use Sinister Arrow Raid."
Deep Sea Scale,227,30,0,[],"If held by a Clamperl, its Sp. Def is doubled."
Deep Sea Tooth,226,90,0,[],"If held by a Clamperl, its Sp. Atk is doubled."
Destiny Knot,280,10,0,[],"If holder becomes infatuated, the other Pokemon also becomes infatuated."
Diancite,764,0,0,[],"If held by a Diancie, this item allows it to Mega Evolve in battle."
Dive Ball,7,0,0,[],A Poke Ball that works especially well on Pokemon that live underwater.
Dome Fossil,102,100,0,[],Can be revived into Kabuto.
Douse Drive,116,0,0,[],Holder's Techno Blast is Water type.
Draco Plate,311,0,0,[],Holder's Dragon-type attacks have 1.2x power. Judgment is Dragon type.
Dragon Fang,250,70,0,[],Holder's Dragon-type attacks have 1.2x power.
Dragon Gem,561,0,0,"[""isGem""]",Holder's first successful Dragon-type attack will have 1.3x power. Single use.
Dragon Memory,918,0,0,[],Holder's Multi-Attack is Dragon type.
Dragon Scale,235,30,0,[],Evolves Seadra into Kingdra when traded.
Dragonium Z,790,0,0,"[""zMove""]","If holder has a Dragon move, this item allows it to use a Dragon Z-Move."
Dread Plate,312,0,0,[],Holder's Dark-type attacks have 1.2x power. Judgment is Dark type.
Dream Ball,576,0,0,[],A Poke Ball that makes it easier to catch wild Pokémon while they're asleep.
Dubious Disc,324,50,0,[],Evolves Porygon2 into Porygon-Z when traded.
Durin Berry,182,0,0,"[""isBerry""]",Cannot be eaten by the holder. No effect when eaten with Bug Bite or Pluck.
Dusk Ball,13,0,0,[],A Poke Ball that makes it easier to catch wild Pokemon at night or in caves.
Dusk Stone,108,80,0,[],Evolves certain species of Pokemon when used.
Earth Plate,305,0,0,[],Holder's Ground-type attacks have 1.2x power. Judgment is Ground type.
Eevium Z,805,0,0,"[""zMove""]","If held by an Eevee with Last Resort, it can use Extreme Evoboost."
Eject Button,547,30,0,[],"If holder survives a hit, it immediately switches out to a chosen ally. Single use."
Eject Pack,1119,50,0,[],"If the holder's stat stages are lowered, it switches to a chosen ally. Single use."
Electirizer,322,80,0,[],Evolves Electabuzz into Electivire when traded.
Electric Gem,550,0,0,"[""isGem""]",Holder's first successful Electric-type attack will have 1.3x power. Single use.
Electric Memory,915,0,0,[],Holder's Multi-Attack is Electric type.
Electric Seed,881,10,0,[],"If the terrain is Electric Terrain, raises holder's Defense by 1 stage. Single use."
Electrium Z,779,0,0,"[""zMove""]","If holder has an Electric move, this item allows it to use an Electric Z-Move."
Enigma Berry,208,0,0,"[""isBerry""]",Restores 1/4 max HP after holder is hit by a supereffective move. Single use.
Eviolite,538,40,0,[],"If holder's species can evolve, its Defense and Sp. Def are 1.5x."
Expert Belt,268,10,0,[],Holder's attacks that are super effective against the target do 1.2x damage.
Fairium Z,793,0,0,"[""zMove""]","If holder has a Fairy move, this item allows it to use a Fairy Z-Move."
Fairy Feather,2401,10,0,[],Holder's Fairy-type attacks have 1.2x power.
Fairy Gem,715,0,0,"[""isGem""]",Holder's first successful Fairy-type attack will have 1.3x power. Single use.
Fairy Memory,920,0,0,[],Holder's Multi-Attack is Fairy type.
Fast Ball,492,0,0,[],A Poke Ball that makes it easier to catch Pokemon which are quick to run away.
Fighting Gem,553,0,0,"[""isGem""]",Holder's first successful Fighting-type attack will have 1.3x power. Single use.
Fighting Memory,904,0,0,[],Holder's Multi-Attack is Fighting type.
Fightinium Z,782,0,0,"[""zMove""]","If holder has a Fighting move, this item allows it to use a Fighting Z-Move."
Figy Berry,159,0,0,"[""isBerry""]",Restores 1/3 max HP at 1/4 max HP or less; confuses if -Atk Nature. Single use.
Fire Gem,548,0,0,"[""isGem""]",Holder's first successful Fire-type attack will have 1.3x power. Single use.
Fire Memory,912,0,0,[],Holder's Multi-Attack is Fire type.
Fire Stone,82,30,0,[],Evolves certain species of Pokemon when used.
Firium Z,777,0,0,"[""zMove""]","If holder has a Fire move, this item allows it to use a Fire Z-Move."
Fist Plate,303,0,0,[],Holder's Fighting-type attacks have 1.2x power. Judgment is Fighting type.
Flame Orb,273,30,0,[],"At the end of every turn, this item attempts to burn the holder."
Flame Plate,298,0,0,[],Holder's Fire-type attacks have 1.2x power. Judgment is Fire type.
Float Stone,539,30,0,[],Holder's weight is halved.
Flower Sweet,1113,0,0,[],Evolves Milcery into Alcremie when held and spun around.
Flying Gem,556,0,0,"[""isGem""]",Holder's first successful Flying-type attack will have 1.3x power. Single use.
Flying Memory,905,0,0,[],Holder's Multi-Attack is Flying type.
Flyinium Z,785,0,0,"[""zMove""]","If holder has a Flying move, this item allows it to use a Flying Z-Move."
Focus Band,230,10,0,[],Holder has a 10% chance to survive an attack that would KO it with 1 HP.
Focus Sash,275,10,0,[],"If holder's HP is full, will survive an attack that would KO it with 1 HP. Single use."
Fossilized Bird,1105,100,0,[],Can revive into Dracozolt with Fossilized Drake or Arctozolt with Fossilized Dino.
Fossilized Dino,1108,100,0,[],Can revive into Arctovish with Fossilized Fish or Arctozolt with Fossilized Bird.
Fossilized Drake,1107,100,0,[],Can revive into Dracozolt with Fossilized Bird or Dracovish with Fossilized Fish.
Fossilized Fish,1106,100,0,[],Can revive into Dracovish with Fossilized Drake or Arctovish with Fossilized Dino.
Friend Ball,497,0,0,[],A Poke Ball that makes caught Pokemon more friendly.
Full Incense,316,10,0,[],Holder moves last in its priority bracket.
Galarica Cuff,1582,30,0,[],Evolves Galarian Slowpoke into Galarian Slowbro when used.
Galarica Wreath,1592,30,0,[],Evolves Galarian Slowpoke into Galarian Slowking when used.
Galladite,756,0,0,[],"If held by a Gallade, this item allows it to Mega Evolve in battle."
Ganlon Berry,202,0,0,"[""isBerry""]",Raises holder's Defense by 1 stage when at 1/4 max HP or less. Single use.
Garchompite,683,0,0,[],"If held by a Garchomp, this item allows it to Mega Evolve in battle."
Gardevoirite,657,0,0,[],"If held by a Gardevoir, this item allows it to Mega Evolve in battle."
Gengarite,656,0,0,[],"If held by a Gengar, this item allows it to Mega Evolve in battle."
Ghost Gem,560,0,0,"[""isGem""]",Holder's first successful Ghost-type attack will have 1.3x power. Single use.
Ghost Memory,910,0,0,[],Holder's Multi-Attack is Ghost type.
Ghostium Z,789,0,0,"[""zMove""]","If holder has a Ghost move, this item allows it to use a Ghost Z-Move."
Glalitite,763,0,0,[],"If held by a Glalie, this item allows it to Mega Evolve in battle."
Gold Bottle Cap,796,30,0,[],Used for Hyper Training. All of a Pokemon's stats are calculated with an IV of 31.
Grass Gem,551,0,0,"[""isGem""]",Holder's first successful Grass-type attack will have 1.3x power. Single use.
Grass Memory,914,0,0,[],Holder's Multi-Attack is Grass type.
Grassium Z,780,0,0,"[""zMove""]","If holder has a Grass move, this item allows it to use a Grass Z-Move."
Grassy Seed,884,10,0,[],"If the terrain is Grassy Terrain, raises holder's Defense by 1 stage. Single use."
Great Ball,3,0,0,[],A high-performance Ball that provides a higher catch rate than a Poke Ball.
Grepa Berry,173,0,0,"[""isBerry""]",Cannot be eaten by the holder. No effect when eaten with Bug Bite or Pluck.
Grip Claw,286,90,0,[],Holder's partial-trapping moves always last 7 turns.
Griseous Core,1779,0,0,[],"If held by a Giratina, its Ghost- and Dragon-type attacks have 1.2x power."
Griseous Orb,112,60,0,[],"If held by a Giratina, its Ghost- and Dragon-type attacks have 1.2x power."
Ground Gem,555,0,0,"[""isGem""]",Holder's first successful Ground-type attack will have 1.3x power. Single use.
Ground Memory,907,0,0,[],Holder's Multi-Attack is Ground type.
Groundium Z,784,0,0,"[""zMove""]","If holder has a Ground move, this item allows it to use a Ground Z-Move."
Gyaradosite,676,0,0,[],"If held by a Gyarados, this item allows it to Mega Evolve in battle."
Haban Berry,197,0,0,"[""isBerry""]",Halves damage taken from a supereffective Dragon-type attack. Single use.
Hard Stone,238,100,0,[],Holder's Rock-type attacks have 1.2x power.
Heal Ball,14,0,0,[],A remedial Poke Ball that restores the caught Pokemon's HP and status problem.
Hearthflame Mask,2408,60,0,[],Ogerpon-Hearthflame: 1.2x power attacks; Terastallize to gain Embody Aspect.
Heat Rock,284,60,0,[],Holder's use of Sunny Day lasts 8 turns instead of 5.
Heavy Ball,495,0,0,[],A Poke Ball for catching very heavy Pokemon.
Heavy-Duty Boots,1120,80,0,[],"When switching in, the holder is unaffected by hazards on its side of the field."
Helix Fossil,101,100,0,[],Can be revived into Omanyte.
Heracronite,680,0,0,[],"If held by a Heracross, this item allows it to Mega Evolve in battle."
Hondew Berry,172,0,0,"[""isBerry""]",Cannot be eaten by the holder. No effect when eaten with Bug Bite or Pluck.
Houndoominite,666,0,0,[],"If held by a Houndoom, this item allows it to Mega Evolve in battle."
Iapapa Berry,163,0,0,"[""isBerry""]",Restores 1/3 max HP at 1/4 max HP or less; confuses if -Def Nature. Single use.
Ice Gem,552,0,0,"[""isGem""]",Holder's first successful Ice-type attack will have 1.3x power. Single use.
Ice Memory,917,0,0,[],Holder's Multi-Attack is Ice type.
Ice Stone,849,30,0,[],Evolves certain species of Pokemon when used.
Icicle Plate,302,0,0,[],Holder's Ice-type attacks have 1.2x power. Judgment is Ice type.
Icium Z,781,0,0,"[""zMove""]","If holder has an Ice move, this item allows it to use an Ice Z-Move."
Icy Rock,282,40,0,[],Holder's use of Snowscape lasts 8 turns instead of 5.
Incinium Z,799,0,0,"[""zMove""]","If held by an Incineroar with Darkest Lariat, it can use Malicious Moonsault."
Insect Plate,308,0,0,[],Holder's Bug-type attacks have 1.2x power. Judgment is Bug type.
Iron Ball,278,130,0,[],"Holder is grounded, Speed halved. If Flying type, takes neutral Ground damage."
Iron Plate,313,0,0,[],Holder's Steel-type attacks have 1.2x power. Judgment is Steel type.
Jaboca Berry,211,0,0,"[""isBerry""]","If holder is hit by a physical move, attacker loses 1/8 of its max HP. Single use."
Jaw Fossil,710,100,0,[],Can be revived into Tyrunt.
Kasib Berry,196,0,0,"[""isBerry""]",Halves damage taken from a supereffective Ghost-type attack. Single use.
Kebia Berry,190,0,0,"[""isBerry""]",Halves damage taken from a supereffective Poison-type attack. Single use.
Kee Berry,687,0,0,"[""isBerry""]",Raises holder's Defense by 1 stage after it is hit by a physical attack. Single use.
Kelpsy Berry,170,0,0,"[""isBerry""]",Cannot be eaten by the holder. No effect when eaten with Bug Bite or Pluck.
Kangaskhanite,675,0,0,[],"If held by a Kangaskhan, this item allows it to Mega Evolve in battle."
King's Rock,221,30,0,[],Holder's attacks without a chance to flinch gain a 10% chance to flinch.
Kommonium Z,926,0,0,"[""zMove""]","If held by a Kommo-o with Clanging Scales, it can use Clangorous Soulblaze."
Lagging Tail,279,10,0,[],Holder moves last in its priority bracket.
Lansat Berry,206,0,0,"[""isBerry""]",Holder gains the Focus Energy effect when at 1/4 max HP or less. Single use.
Latiasite,684,0,0,[],"If held by a Latias, this item allows it to Mega Evolve in battle."
Latiosite,685,0,0,[],"If held by a Latios, this item allows it to Mega Evolve in battle."
Lax Incense,255,10,0,[],The accuracy of attacks against the holder is 0.9x.
Leaf Stone,85,30,0,[],Evolves certain species of Pokemon when used.
Leek,259,60,0,[],"If held by a Farfetch’d or Sirfetch’d, its critical hit ratio is raised by 2 stages."
Leftovers,234,10,0,[],"At the end of every turn, holder restores 1/16 of its max HP."
Leppa Berry,154,0,0,"[""isBerry""]",Restores 10 PP to the first of the holder's moves to reach 0 PP. Single use.
Level Ball,493,0,0,[],A Poke Ball for catching Pokemon that are a lower level than your own.
Liechi Berry,201,0,0,"[""isBerry""]",Raises holder's Attack by 1 stage when at 1/4 max HP or less. Single use.
Life Orb,270,30,0,[],"Holder's attacks do 1.3x damage, and it loses 1/10 its max HP after the attack."
Light Ball,236,30,0,[],"If held by a Pikachu, its Attack and Sp. Atk are doubled."
Light Clay,269,30,0,[],"Holder's use of Aurora Veil, Light Screen, or Reflect lasts 8 turns instead of 5."
Loaded Dice,1886,30,0,[],Holder's moves that hit 2-5 times hit 4-5 times; Population Bomb hits 4-10 times.
Lopunnite,768,0,0,[],"If held by a Lopunny, this item allows it to Mega Evolve in battle."
Love Ball,496,0,0,[],Poke Ball for catching Pokemon that are the opposite gender of your Pokemon.
Love Sweet,1110,10,0,[],Evolves Milcery into Alcremie when held and spun around.
Lucarionite,673,0,0,[],"If held by a Lucario, this item allows it to Mega Evolve in battle."
Lucky Punch,256,40,0,[],"If held by a Chansey, its critical hit ratio is raised by 2 stages."
Lum Berry,157,0,0,"[""isBerry""]",Holder cures itself if it has a non-volatile status or is confused. Single use.
Luminous Moss,648,30,0,[],Raises holder's Sp. Def by 1 stage if hit by a Water-type attack. Single use.
Lunalium Z,922,0,0,"[""zMove""]",Lunala or Dawn Wings Necrozma with Moongeist Beam can use a special Z-Move.
Lure Ball,494,0,0,[],A Poke Ball for catching Pokemon hooked by a Rod when fishing.
Lustrous Globe,1778,0,0,[],"If held by a Palkia, its Water- and Dragon-type attacks have 1.2x power."
Lustrous Orb,136,60,0,[],"If held by a Palkia, its Water- and Dragon-type attacks have 1.2x power."
Luxury Ball,11,0,0,[],A comfortable Poke Ball that makes a caught wild Pokemon quickly grow friendly.
Lycanium Z,925,0,0,"[""zMove""]","If held by a Lycanroc forme with Stone Edge, it can use Splintered Stormshards."
Macho Brace,215,60,1,[],Holder's Speed is halved. The Klutz Ability does not ignore this effect.
Magmarizer,323,80,0,[],Evolves Magmar into Magmortar when traded.
Magnet,242,30,0,[],Holder's Electric-type attacks have 1.2x power.
Mago Berry,161,0,0,"[""isBerry""]",Restores 1/3 max HP at 1/4 max HP or less; confuses if -Spe Nature. Single use.
Magost Berry,176,0,0,"[""isBerry""]",Cannot be eaten by the holder. No effect when eaten with Bug Bite or Pluck.
Mail,137,0,0,[],"Cannot be given to or taken from a Pokemon, except by Covet/Knock Off/Thief."
Malicious Armor,1861,30,0,[],Evolves Charcadet into Ceruledge when used.
Manectite,682,0,0,[],"If held by a Manectric, this item allows it to Mega Evolve in battle."
Maranga Berry,688,0,0,"[""isBerry""]",Raises holder's Sp. Def by 1 stage after it is hit by a special attack. Single use.
Marshadium Z,802,0,0,"[""zMove""]","If held by Marshadow with Spectral Thief, it can use Soul-Stealing 7-Star Strike."
Master Ball,1,0,0,[],The best Ball with the ultimate performance. It will catch any wild Pokemon.
Masterpiece Teacup,2404,80,0,[],Evolves Poltchageist-Artisan into Sinistcha-Masterpiece when used.
Mawilite,681,0,0,[],"If held by a Mawile, this item allows it to Mega Evolve in battle."
Meadow Plate,301,0,0,[],Holder's Grass-type attacks have 1.2x power. Judgment is Grass type.
Medichamite,665,0,0,[],"If held by a Medicham, this item allows it to Mega Evolve in battle."
Mental Herb,219,10,0,[],"Cures holder of Attract, Disable, Encore, Heal Block, Taunt, Torment. Single use."
Metagrossite,758,0,0,[],"If held by a Metagross, this item allows it to Mega Evolve in battle."
Metal Alloy,2482,0,0,[],Evolves Duraludon into Archaludon when used.
Metal Coat,233,30,0,[],Holder's Steel-type attacks have 1.2x power.
Metal Powder,257,10,0,[],"If held by a Ditto that hasn't Transformed, its Defense is doubled."
Metronome,277,30,0,[],Damage of moves used on consecutive turns is increased. Max 2x after 5 turns.
Mewnium Z,806,0,0,"[""zMove""]","If held by a Mew with Psychic, it can use Genesis Supernova."
Mewtwonite X,662,0,0,[],"If held by a Mewtwo, this item allows it to Mega Evolve in battle."
Mewtwonite Y,663,0,0,[],"If held by a Mewtwo, this item allows it to Mega Evolve in battle."
Micle Berry,209,0,0,"[""isBerry""]",Holder's next move has 1.2x accuracy when at 1/4 max HP or less. Single use.
Mimikium Z,924,0,0,"[""zMove""]","If held by a Mimikyu with Play Rough, it can use Let's Snuggle Forever."
Mind Plate,307,0,0,[],Holder's Psychic-type attacks have 1.2x power. Judgment is Psychic type.
Miracle Seed,239,30,0,[],Holder's Grass-type attacks have 1.2x power.
Mirror Herb,1883,30,0,[],"When an opposing Pokemon raises a stat stage, the holder copies it. Single use."
Misty Seed,883,10,0,[],"If the terrain is Misty Terrain, raises holder's Sp. Def by 1 stage. Single use."
Moon Ball,498,0,0,[],A Poke Ball for catching Pokemon that evolve using the Moon Stone.
Moon Stone,81,30,0,[],Evolves certain species of Pokemon when used.
Muscle Band,266,10,0,[],Holder's physical attacks have 1.1x power.
Mystic Water,243,30,0,[],Holder's Water-type attacks have 1.2x power.
Nanab Berry,166,0,0,"[""isBerry""]",Cannot be eaten by the holder. No effect when eaten with Bug Bite or Pluck.
Nest Ball,8,0,0,[],A Poke Ball that works especially well on weaker Pokemon in the wild.
Net Ball,6,0,0,[],A Poke Ball that works especially well on Water- and Bug-type Pokemon.
Never-Melt Ice,246,30,0,[],Holder's Ice-type attacks have 1.2x power.
Nomel Berry,178,0,0,"[""isBerry""]",Cannot be eaten by the holder. No effect when eaten with Bug Bite or Pluck.
Normal Gem,564,0,0,"[""isGem""]",Holder's first successful Normal-type attack will have 1.3x power. Single use.
Normalium Z,776,0,0,"[""zMove""]","If holder has a Normal move, this item allows it to use a Normal Z-Move."
Occa Berry,184,0,0,"[""isBerry""]",Halves damage taken from a supereffective Fire-type attack. Single use.
Odd Incense,314,10,0,[],Holder's Psychic-type attacks have 1.2x power.
Old Amber,103,100,0,[],Can be revived into Aerodactyl.
Oran Berry,155,0,0,"[""isBerry""]",Restores 10 HP when at 1/2 max HP or less. Single use.
Oval Stone,110,80,0,[],Evolves Happiny into Chansey when held and leveled up during the day.
Pamtre Berry,180,0,0,"[""isBerry""]",Cannot be eaten by the holder. No effect when eaten with Bug Bite or Pluck.
Park Ball,500,0,0,[],A special Poke Ball for the Pal Park.
Passho Berry,185,0,0,"[""isBerry""]",Halves damage taken from a supereffective Water-type attack. Single use.
Payapa Berry,193,0,0,"[""isBerry""]",Halves damage taken from a supereffective Psychic-type attack. Single use.
Pecha Berry,151,0,0,"[""isBerry""]",Holder is cured if it is poisoned. Single use.
Persim Berry,156,0,0,"[""isBerry""]",Holder is cured if it is confused. Single use.
Petaya Berry,204,0,0,"[""isBerry""]",Raises holder's Sp. Atk by 1 stage when at 1/4 max HP or less. Single use.
Pidgeotite,762,0,0,[],"If held by a Pidgeot, this item allows it to Mega Evolve in battle."
Pikanium Z,794,0,0,"[""zMove""]","If held by a Pikachu with Volt Tackle, it can use Catastropika."
Pikashunium Z,836,0,0,"[""zMove""]","If held by cap Pikachu with Thunderbolt, it can use 10,000,000 Volt Thunderbolt."
Pinap Berry,168,0,0,"[""isBerry""]",Cannot be eaten by the holder. No effect when eaten with Bug Bite or Pluck.
Pinsirite,671,0,0,[],"If held by a Pinsir, this item allows it to Mega Evolve in battle."
Pixie Plate,644,0,0,[],Holder's Fairy-type attacks have 1.2x power. Judgment is Fairy type.
Plume Fossil,573,100,0,[],Can be revived into Archen.
Poison Barb,245,70,0,[],Holder's Poison-type attacks have 1.2x power.
Poison Gem,554,0,0,"[""isGem""]",Holder's first successful Poison-type attack will have 1.3x power. Single use.
Poison Memory,906,0,0,[],Holder's Multi-Attack is Poison type.
Poisonium Z,783,0,0,"[""zMove""]","If holder has a Poison move, this item allows it to use a Poison Z-Move."
Poke Ball,4,0,0,[],A device for catching wild Pokemon. It is designed as a capsule system.
Pomeg Berry,169,0,0,"[""isBerry""]",Cannot be eaten by the holder. No effect when eaten with Bug Bite or Pluck.
Power Anklet,293,70,1,[],Holder's Speed is halved. The Klutz Ability does not ignore this effect.
Power Band,292,70,1,[],Holder's Speed is halved. The Klutz Ability does not ignore this effect.
Power Belt,290,70,1,[],Holder's Speed is halved. The Klutz Ability does not ignore this effect.
Power Bracer,289,70,1,[],Holder's Speed is halved. The Klutz Ability does not ignore this effect.
Power Herb,271,10,0,[],Holder's two-turn moves complete in one turn (except Sky Drop). Single use.
Power Lens,291,70,1,[],Holder's Speed is halved. The Klutz Ability does not ignore this effect.
Power Weight,294,70,1,[],Holder's Speed is halved. The Klutz Ability does not ignore this effect.
Premier Ball,12,0,0,[],A rare Poke Ball that has been crafted to commemorate an event.
Primarium Z,800,0,0,"[""zMove""]","If held by a Primarina with Sparkling Aria, it can use Oceanic Operetta."
Prism Scale,537,30,0,[],Evolves Feebas into Milotic when traded.
Protective Pads,880,30,0,[],"Holder's moves are protected from adverse contact effects, except Pickpocket."
Protector,321,80,0,[],Evolves Rhydon into Rhyperior when traded.
Psychic Gem,557,0,0,"[""isGem""]",Holder's first successful Psychic-type attack will have 1.3x power. Single use.
Psychic Memory,916,0,0,[],Holder's Multi-Attack is Psychic type.
Psychic Seed,882,10,0,[],"If the terrain is Psychic Terrain, raises holder's Sp. Def by 1 stage. Single use."
Psychium Z,786,0,0,"[""zMove""]","If holder has a Psychic move, this item allows it to use a Psychic Z-Move."
Punching Glove,1884,30,0,[],Holder's punch-based attacks have 1.1x power and do not make contact.
Qualot Berry,171,0,0,"[""isBerry""]",Cannot be eaten by the holder. No effect when eaten with Bug Bite or Pluck.
Quick Ball,15,0,0,[],A Poke Ball that provides a better catch rate at the start of a wild encounter.
Quick Claw,217,80,0,[],"Each turn, holder has a 20% chance to move first in its priority bracket."
Quick Powder,274,10,0,[],"If held by a Ditto that hasn't Transformed, its Speed is doubled."
Rabuta Berry,177,0,0,"[""isBerry""]",Cannot be eaten by the holder. No effect when eaten with Bug Bite or Pluck.
Rare Bone,106,100,0,[],No competitive use other than when used with Fling.
Rawst Berry,152,0,0,"[""isBerry""]",Holder is cured if it is burned. Single use.
Razor Claw,326,80,0,[],Holder's critical hit ratio is raised by 1 stage.
Razor Fang,327,30,0,[],Holder's attacks without a chance to flinch gain a 10% chance to flinch.
Razz Berry,164,0,0,"[""isBerry""]",Cannot be eaten by the holder. No effect when eaten with Bug Bite or Pluck.
Reaper Cloth,325,10,0,[],Evolves Dusclops into Dusknoir when traded.
Red Card,542,10,0,[],"If holder survives a hit, attacker is forced to switch to a random ally. Single use."
Red Orb,534,0,0,[],"If held by a Groudon, this item triggers its Primal Reversion in battle."
Repeat Ball,9,0,0,[],A Poke Ball that works well on Pokemon species that were previously caught.
Ribbon Sweet,1115,10,0,[],Evolves Milcery into Alcremie when held and spun around.
Rindo Berry,187,0,0,"[""isBerry""]",Halves damage taken from a supereffective Grass-type attack. Single use.
Ring Target,543,10,0,[],The holder's type immunities granted solely by its typing are negated.
Rock Gem,559,0,0,"[""isGem""]",Holder's first successful Rock-type attack will have 1.3x power. Single use.
Rock Incense,315,10,0,[],Holder's Rock-type attacks have 1.2x power.
Rock Memory,908,0,0,[],Holder's Multi-Attack is Rock type.
Rockium Z,788,0,0,"[""zMove""]","If holder has a Rock move, this item allows it to use a Rock Z-Move."
Rocky Helmet,540,60,0,[],"If holder is hit by a contact move, the attacker loses 1/6 of its max HP."
Room Service,1122,100,0,[],"If Trick Room is active, the holder's Speed is lowered by 1 stage. Single use."
Root Fossil,99,100,0,[],Can be revived into Lileep.
Rose Incense,318,10,0,[],Holder's Grass-type attacks have 1.2x power.
Roseli Berry,686,0,0,"[""isBerry""]",Halves damage taken from a supereffective Fairy-type attack. Single use.
Rowap Berry,212,0,0,"[""isBerry""]","If holder is hit by a special move, attacker loses 1/8 of its max HP. Single use."
Rusted Shield,1104,0,0,[],"If held by a Zamazenta, this item changes its forme to Crowned Shield."
Rusted Sword,1103,0,0,[],"If held by a Zacian, this item changes its forme to Crowned Sword."
Sablenite,754,0,0,[],"If held by a Sableye, this item allows it to Mega Evolve in battle."
Sachet,647,80,0,[],Evolves Spritzee into Aromatisse when traded.
Safari Ball,5,0,0,[],A special Poke Ball that is used only in the Safari Zone and Great Marsh.
Safety Goggles,650,80,0,[],Holder is immune to powder moves and damage from Sandstorm or Hail.
Sail Fossil,711,100,0,[],Can be revived into Amaura.
Salac Berry,203,0,0,"[""isBerry""]",Raises holder's Speed by 1 stage when at 1/4 max HP or less. Single use.
Salamencite,769,0,0,[],"If held by a Salamence, this item allows it to Mega Evolve in battle."
Sceptilite,753,0,0,[],"If held by a Sceptile, this item allows it to Mega Evolve in battle."
Scizorite,670,0,0,[],"If held by a Scizor, this item allows it to Mega Evolve in battle."
Scope Lens,232,30,0,[],Holder's critical hit ratio is raised by 1 stage.
Sea Incense,254,10,0,[],Holder's Water-type attacks have 1.2x power.
Sharp Beak,244,50,0,[],Holder's Flying-type attacks have 1.2x power.
Sharpedonite,759,0,0,[],"If held by a Sharpedo, this item allows it to Mega Evolve in battle."
Shed Shell,295,10,0,[],Holder cannot be prevented from choosing to switch out by any effect.
Shell Bell,253,30,0,[],"After an attack, holder gains 1/8 of the damage in HP dealt to other Pokemon."
Shiny Stone,107,80,0,[],Evolves certain species of Pokemon when used.
Shock Drive,117,0,0,[],Holder's Techno Blast is Electric type.
Shuca Berry,191,0,0,"[""isBerry""]",Halves damage taken from a supereffective Ground-type attack. Single use.
Silk Scarf,251,10,0,[],Holder's Normal-type attacks have 1.2x power.
Silver Powder,222,10,0,[],Holder's Bug-type attacks have 1.2x power.
Sitrus Berry,158,0,0,"[""isBerry""]",Restores 1/4 max HP when at 1/2 max HP or less. Single use.
Skull Fossil,105,100,0,[],Can be revived into Cranidos.
Sky Plate,306,0,0,[],Holder's Flying-type attacks have 1.2x power. Judgment is Flying type.
Slowbronite,760,0,0,[],"If held by a Slowbro, this item allows it to Mega Evolve in battle."
Smooth Rock,283,10,0,[],Holder's use of Sandstorm lasts 8 turns instead of 5.
Snorlium Z,804,0,0,"[""zMove""]","If held by a Snorlax with Giga Impact, it can use Pulverizing Pancake."
Snowball,649,30,0,[],Raises holder's Attack by 1 if hit by an Ice-type attack. Single use.
Soft Sand,237,10,0,[],Holder's Ground-type attacks have 1.2x power.
Solganium Z,921,0,0,"[""zMove""]",Solgaleo or Dusk Mane Necrozma with Sunsteel Strike can use a special Z-Move.
Soul Dew,225,30,0,[],"If held by a Latias/Latios, its Dragon- and Psychic-type moves have 1.2x power."
Spell Tag,247,30,0,[],Holder's Ghost-type attacks have 1.2x power.
Spelon Berry,179,0,0,"[""isBerry""]",Cannot be eaten by the holder. No effect when eaten with Bug Bite or Pluck.
Splash Plate,299,0,0,[],Holder's Water-type attacks have 1.2x power. Judgment is Water type.
Spooky Plate,310,0,0,[],Holder's Ghost-type attacks have 1.2x power. Judgment is Ghost type.
Sport Ball,499,0,0,[],A special Poke Ball for the Bug-Catching Contest.
Starf Berry,207,0,0,"[""isBerry""]",Raises a random stat by 2 when at 1/4 max HP or less (not acc/eva). Single use.
Star Sweet,1114,10,0,[],Evolves Milcery into Alcremie when held and spun around.
Steelixite,761,0,0,[],"If held by a Steelix, this item allows it to Mega Evolve in battle."
Steel Gem,563,0,0,"[""isGem""]",Holder's first successful Steel-type attack will have 1.3x power. Single use.
Steel Memory,911,0,0,[],Holder's Multi-Attack is Steel type.
Steelium Z,792,0,0,"[""zMove""]","If holder has a Steel move, this item allows it to use a Steel Z-Move."
Stick,259,60,0,[],"If held by a Farfetch’d, its critical hit ratio is raised by 2 stages."
Sticky Barb,288,80,0,[],"Each turn, holder loses 1/8 max HP. An attacker making contact can receive it."
Stone Plate,309,0,0,[],Holder's Rock-type attacks have 1.2x power. Judgment is Rock type.
Strange Ball,1785,0,0,[],Placeholder if caught in Poke Ball not in current game.
Strawberry Sweet,1109,10,0,[],Evolves Milcery into Alcremie when held and spun around.
Sun Stone,80,30,0,[],Evolves certain species of Pokemon when used.
Swampertite,752,0,0,[],"If held by a Swampert, this item allows it to Mega Evolve in battle."
Sweet Apple,1116,30,0,[],Evolves Applin into Appletun when used.
Syrupy Apple,2402,30,0,[],Evolves Applin into Dipplin when used.
Tamato Berry,174,0,0,"[""isBerry""]",Cannot be eaten by the holder. No effect when eaten with Bug Bite or Pluck.
Tanga Berry,194,0,0,"[""isBerry""]",Halves damage taken from a supereffective Bug-type attack. Single use.
Tapunium Z,801,0,0,"[""zMove""]","If held by a Tapu with Nature's Madness, it can use Guardian of Alola."
Tart Apple,1117,30,0,[],Evolves Applin into Flapple when used.
Terrain Extender,879,60,0,[],Holder's use of Electric/Grassy/Misty/Psychic Terrain lasts 8 turns instead of 5.
Thick Club,258,90,0,[],"If held by a Cubone or a Marowak, its Attack is doubled."
Throat Spray,1118,30,0,[],Raises holder's Special Attack by 1 stage after it uses a sound move. Single use.
Thunder Stone,83,30,0,[],Evolves certain species of Pokemon when used.
Timer Ball,10,0,0,[],A Poke Ball that becomes better the more turns there are in a battle.
Toxic Orb,272,30,0,[],"At the end of every turn, this item attempts to badly poison the holder."
Toxic Plate,304,0,0,[],Holder's Poison-type attacks have 1.2x power. Judgment is Poison type.
TR00,1130,10,0,[],Teaches certain Pokemon the move Swords Dance. One use.
TR01,1131,85,0,[],Teaches certain Pokemon the move Body Slam. One use.
TR02,1132,90,0,[],Teaches certain Pokemon the move Flamethrower. One use.
TR03,1133,110,0,[],Teaches certain Pokemon the move Hydro Pump. One use.
TR04,1134,90,0,[],Teaches certain Pokemon the move Surf. One use.
TR05,1135,90,0,[],Teaches certain Pokemon the move Ice Beam. One use.
TR06,1136,110,0,[],Teaches certain Pokemon the move Blizzard. One use.
TR07,1137,10,0,[],Teaches certain Pokemon the move Low Kick. One use.
TR08,1138,90,0,[],Teaches certain Pokemon the move Thunderbolt. One use.
TR09,1139,110,0,[],Teaches certain Pokemon the move Thunder. One use.
TR10,1140,100,0,[],Teaches certain Pokemon the move Earthquake. One use.
TR11,1141,90,0,[],Teaches certain Pokemon the move Psychic. One use.
TR12,1142,10,0,[],Teaches certain Pokemon the move Agility. One use.
TR13,1143,10,0,[],Teaches certain Pokemon the move Focus Energy. One use.
TR14,1144,10,0,[],Teaches certain Pokemon the move Metronome. One use.
TR15,1145,110,0,[],Teaches certain Pokemon the move Fire Blast. One use.
TR16,1146,80,0,[],Teaches certain Pokemon the move Waterfall. One use.
TR17,1147,10,0,[],Teaches certain Pokemon the move Amnesia. One use.
TR18,1148,80,0,[],Teaches certain Pokemon the move Leech Life. One use.
TR19,1149,80,0,[],Teaches certain Pokemon the move Tri Attack. One use.
TR20,1150,10,0,[],Teaches certain Pokemon the move Substitute. One use.
TR21,1151,10,0,[],Teaches certain Pokemon the move Reversal. One use.
TR22,1152,90,0,[],Teaches certain Pokemon the move Sludge Bomb. One use.
TR23,1153,10,0,[],Teaches certain Pokemon the move Spikes. One use.
TR24,1154,120,0,[],Teaches certain Pokemon the move Outrage. One use.
TR25,1155,80,0,[],Teaches certain Pokemon the move Psyshock. One use.
TR26,1156,10,0,[],Teaches certain Pokemon the move Endure. One use.
TR27,1157,10,0,[],Teaches certain Pokemon the move Sleep Talk. One use.
TR28,1158,120,0,[],Teaches certain Pokemon the move Megahorn. One use.
TR29,1159,10,0,[],Teaches certain Pokemon the move Baton Pass. One use.
TR30,1160,10,0,[],Teaches certain Pokemon the move Encore. One use.
TR31,1161,100,0,[],Teaches certain Pokemon the move Iron Tail. One use.
TR32,1162,80,0,[],Teaches certain Pokemon the move Crunch. One use.
TR33,1163,80,0,[],Teaches certain Pokemon the move Shadow Ball. One use.
TR34,1164,120,0,[],Teaches certain Pokemon the move Future Sight. One use.
TR35,1165,90,0,[],Teaches certain Pokemon the move Uproar. One use.
TR36,1166,95,0,[],Teaches certain Pokemon the move Heat Wave. One use.
TR37,1167,10,0,[],Teaches certain Pokemon the move Taunt. One use.
TR38,1168,10,0,[],Teaches certain Pokemon the move Trick. One use.
TR39,1169,120,0,[],Teaches certain Pokemon the move Superpower. One use.
TR40,1170,10,0,[],Teaches certain Pokemon the move Skill Swap. One use.
TR41,1171,85,0,[],Teaches certain Pokemon the move Blaze Kick. One use.
TR42,1172,90,0,[],Teaches certain Pokemon the move Hyper Voice. One use.
TR43,1173,130,0,[],Teaches certain Pokemon the move Overheat. One use.
TR44,1174,10,0,[],Teaches certain Pokemon the move Cosmic Power. One use.
TR45,1175,90,0,[],Teaches certain Pokemon the move Muddy Water. One use.
TR46,1176,10,0,[],Teaches certain Pokemon the move Iron Defense. One use.
TR47,1177,80,0,[],Teaches certain Pokemon the move Dragon Claw. One use.
TR48,1178,10,0,[],Teaches certain Pokemon the move Bulk Up. One use.
TR49,1179,10,0,[],Teaches certain Pokemon the move Calm Mind. One use.
TR50,1180,90,0,[],Teaches certain Pokemon the move Leaf Blade. One use.
TR51,1181,10,0,[],Teaches certain Pokemon the move Dragon Dance. One use.
TR52,1182,10,0,[],Teaches certain Pokemon the move Gyro Ball. One use.
TR53,1183,120,0,[],Teaches certain Pokemon the move Close Combat. One use.
TR54,1184,10,0,[],Teaches certain Pokemon the move Toxic Spikes. One use.
TR55,1185,120,0,[],Teaches certain Pokemon the move Flare Blitz. One use.
TR56,1186,80,0,[],Teaches certain Pokemon the move Aura Sphere. One use.
TR57,1187,80,0,[],Teaches certain Pokemon the move Poison Jab. One use.
TR58,1188,80,0,[],Teaches certain Pokemon the move Dark Pulse. One use.
TR59,1189,80,0,[],Teaches certain Pokemon the move Seed Bomb. One use.
TR60,1190,80,0,[],Teaches certain Pokemon the move X-Scissor. One use.
TR61,1191,90,0,[],Teaches certain Pokemon the move Bug Buzz. One use.
TR62,1192,85,0,[],Teaches certain Pokemon the move Dragon Pulse. One use.
TR63,1193,80,0,[],Teaches certain Pokemon the move Power Gem. One use.
TR64,1194,120,0,[],Teaches certain Pokemon the move Focus Blast. One use.
TR65,1195,90,0,[],Teaches certain Pokemon the move Energy Ball. One use.
TR66,1196,120,0,[],Teaches certain Pokemon the move Brave Bird. One use.
TR67,1197,90,0,[],Teaches certain Pokemon the move Earth Power. One use.
TR68,1198,10,0,[],Teaches certain Pokemon the move Nasty Plot. One use.
TR69,1199,80,0,[],Teaches certain Pokemon the move Zen Headbutt. One use.
TR70,1200,80,0,[],Teaches certain Pokemon the move Flash Cannon. One use.
TR71,1201,130,0,[],Teaches certain Pokemon the move Leaf Storm. One use.
TR72,1202,120,0,[],Teaches certain Pokemon the move Power Whip. One use.
TR73,1203,120,0,[],Teaches certain Pokemon the move Gunk Shot. One use.
TR74,1204,80,0,[],Teaches certain Pokemon the move Iron Head. One use.
TR75,1205,100,0,[],Teaches certain Pokemon the move Stone Edge. One use.
TR76,1206,10,0,[],Teaches certain Pokemon the move Stealth Rock. One use.
TR77,1207,10,0,[],Teaches certain Pokemon the move Grass Knot. One use.
TR78,1208,95,0,[],Teaches certain Pokemon the move Sludge Wave. One use.
TR79,1209,10,0,[],Teaches certain Pokemon the move Heavy Slam. One use.
TR80,1210,10,0,[],Teaches certain Pokemon the move Electro Ball. One use.
TR81,1211,95,0,[],Teaches certain Pokemon the move Foul Play. One use.
TR82,1212,20,0,[],Teaches certain Pokemon the move Stored Power. One use.
TR83,1213,10,0,[],Teaches certain Pokemon the move Ally Switch. One use.
TR84,1214,80,0,[],Teaches certain Pokemon the move Scald. One use.
TR85,1215,10,0,[],Teaches certain Pokemon the move Work Up. One use.
TR86,1216,90,0,[],Teaches certain Pokemon the move Wild Charge. One use.
TR87,1217,80,0,[],Teaches certain Pokemon the move Drill Run. One use.
TR88,1218,10,0,[],Teaches certain Pokemon the move Heat Crash. One use.
TR89,1219,110,0,[],Teaches certain Pokemon the move Hurricane. One use.
TR90,1220,90,0,[],Teaches certain Pokemon the move Play Rough. One use.
TR91,1221,10,0,[],Teaches certain Pokemon the move Venom Drench. One use.
TR92,1222,80,0,[],Teaches certain Pokemon the move Dazzling Gleam. One use.
TR93,1223,85,0,[],Teaches certain Pokemon the move Darkest Lariat. One use.
TR94,1224,95,0,[],Teaches certain Pokemon the move High Horsepower. One use.
TR95,1225,80,0,[],Teaches certain Pokemon the move Throat Chop. One use.
TR96,1226,90,0,[],Teaches certain Pokemon the move Pollen Puff. One use.
TR97,1227,85,0,[],Teaches certain Pokemon the move Psychic Fangs. One use.
TR98,1228,85,0,[],Teaches certain Pokemon the move Liquidation. One use.
TR99,1229,80,0,[],Teaches certain Pokemon the move Body Press. One use.
Twisted Spoon,248,30,0,[],Holder's Psychic-type attacks have 1.2x power.
Tyranitarite,669,0,0,[],"If held by a Tyranitar, this item allows it to Mega Evolve in battle."
Ultra Ball,2,0,0,[],An ultra-performance Ball that provides a higher catch rate than a Great Ball.
Ultranecrozium Z,923,0,0,"[""zMove""]","Dusk Mane/Dawn Wings Necrozma: Ultra Burst, then Z-Move w/ Photon Geyser."
Unremarkable Teacup,2403,80,0,[],Evolves Poltchageist into Sinistcha when used.
Up-Grade,252,30,0,[],Evolves Porygon into Porygon2 when traded.
Utility Umbrella,1123,60,0,[],The holder ignores rain- and sun-based effects.
Venusaurite,659,0,0,[],"If held by a Venusaur, this item allows it to Mega Evolve in battle."
Wacan Berry,186,0,0,"[""isBerry""]",Halves damage taken from a supereffective Electric-type attack. Single use.
Water Gem,549,0,0,"[""isGem""]",Holder's first successful Water-type attack will have 1.3x power. Single use.
Water Memory,913,0,0,[],Holder's Multi-Attack is Water type.
Water Stone,84,30,0,[],Evolves certain species of Pokemon when used.
Waterium Z,778,0,0,"[""zMove""]","If holder has a Water move, this item allows it to use a Water Z-Move."
Watmel Berry,181,0,0,"[""isBerry""]",Cannot be eaten by the holder. No effect when eaten with Bug Bite or Pluck.
Wave Incense,317,10,0,[],Holder's Water-type attacks have 1.2x power.
Weakness Policy,639,80,0,[],"If holder is hit super effectively, raises Attack, Sp. Atk by 2 stages. Single use."
Wellspring Mask,2407,60,0,[],Ogerpon-Wellspring: 1.2x power attacks; Terastallize to gain Embody Aspect.
Wepear Berry,167,0,0,"[""isBerry""]",Cannot be eaten by the holder. No effect when eaten with Bug Bite or Pluck.
Whipped Dream,646,80,0,[],Evolves Swirlix into Slurpuff when traded.
White Herb,214,10,0,[],Restores all lowered stat stages to 0 when one is less than 0. Single use.
Wide Lens,265,10,0,[],The accuracy of attacks by the holder is 1.1x.
Wiki Berry,160,0,0,"[""isBerry""]",Restores 1/3 max HP at 1/4 max HP or less; confuses if -SpA Nature. Single use.
Wise Glasses,267,10,0,[],Holder's special attacks have 1.1x power.
Yache Berry,188,0,0,"[""isBerry""]",Halves damage taken from a supereffective Ice-type attack. Single use.
Zap Plate,300,0,0,[],Holder's Electric-type attacks have 1.2x power. Judgment is Electric type.
Zoom Lens,276,10,0,[],The accuracy of attacks by the holder is 1.2x if it moves after its target.
Berserk Gene,0,0,0,[],"(Gen 2) On switch-in, raises holder's Attack by 2 and confuses it. Single use."
Berry,155,0,0,"[""isBerry""]",(Gen 2) Restores 10 HP when at 1/2 max HP or less. Single use.
Bitter Berry,156,0,0,"[""isBerry""]",(Gen 2) Holder is cured if it is confused. Single use.
Burnt Berry,153,0,0,"[""isBerry""]",(Gen 2) Holder is cured if it is frozen. Single use.
Gold Berry,158,0,0,"[""isBerry""]",(Gen 2) Restores 30 HP when at 1/2 max HP or less. Single use.
Ice Berry,152,0,0,"[""isBerry""]",(Gen 2) Holder is cured if it is burned. Single use.
Mint Berry,150,0,0,"[""isBerry""]",(Gen 2) Holder wakes up if it is asleep. Single use.
Miracle Berry,157,0,0,"[""isBerry""]",(Gen 2) Holder cures itself if it is confused or has a status condition. Single use.
Mystery Berry,154,0,0,"[""isBerry""]",(Gen 2) Restores 5 PP to the first of the holder's moves to reach 0 PP. Single use.
Pink Bow,251,0,0,[],(Gen 2) Holder's Normal-type attacks have 1.1x power.
Polkadot Bow,251,0,0,[],(Gen 2) Holder's Normal-type attacks have 1.1x power.
PRZ Cure Berry,149,0,0,"[""isBerry""]",(Gen 2) Holder cures itself if it is paralyzed. Single use.
PSN Cure Berry,151,0,0,"[""isBerry""]",(Gen 2) Holder is cured if it is poisoned. Single use.
Crucibellite,-1,0,0,[],"If held by a Crucibelle, this item allows it to Mega Evolve in battle."
Vile Vial,-2,60,0,[],"If held by a Venomicon, its Poison- and Flying-type attacks have 1.2x power."
